order_id,distance_km,weather,traffic_level,time_of_day,vehicle_type,preparation_time_min,courier_experience_yrs,delivery_time_min
522,7.93,windy,low,afternoon,Scooter,12,1.0,43
738,16.42,clear,medium,evening,Bike,20,2.0,84
741,9.52,foggy,low,night,Scooter,28,1.0,59
661,7.44,rainy,medium,afternoon,Scooter,5,1.0,37
412,19.03,clear,low,morning,Bike,16,5.0,68
679,19.4,clear,low,evening,Scooter,8,9.0,57
627,9.52,clear,low,evening,Bike,12,1.0,49
514,17.39,clear,medium,evening,Scooter,5,6.0,46
860,1.78,snowy,low,evening,Car,20,6.0,35
137,10.62,foggy,low,evening,Scooter,29,1.0,73
812,16.86,snowy,medium,afternoon,Car,13,4.0,88
77,15.54,clear,low,night,Bike,29,1.0,76
637,10.89,clear,high,night,Bike,12,5.0,53
974,4.69,rainy,medium,evening,Scooter,12,7.0,36
939,2.8,clear,high,morning,Scooter,10,,33
900,2.17,snowy,low,evening,Car,15,3.0,35
281,17.86,rainy,low,afternoon,Bike,5,1.0,50
884,2.53,snowy,low,morning,Bike,6,8.0,24
762,6.58,foggy,low,evening,Car,6,7.0,27
320,5.38,clear,medium,evening,Scooter,26,1.0,47
550,15.56,rainy,low,afternoon,Scooter,28,0.0,72
175,13.08,rainy,low,morning,Car,16,4.0,58
372,0.86,clear,high,afternoon,Bike,26,5.0,37
528,5.83,clear,high,evening,Car,27,9.0,56
211,11.2,clear,medium,morning,Bike,23,,73
236,14.59,clear,medium,morning,Bike,15,6.0,64
102,12.91,windy,medium,evening,Bike,11,6.0,56
987,13.92,snowy,low,morning,Scooter,18,4.0,70
903,4.04,snowy,low,night,Bike,11,9.0,70
948,18.05,clear,medium,evening,Scooter,10,7.0,120
347,12.88,clear,medium,morning,Scooter,8,5.0,52
140,19.45,rainy,high,morning,Scooter,20,6.0,108
622,4.58,clear,high,morning,Scooter,22,9.0,45
500,19.73,foggy,medium,evening,Bike,27,4.0,111
371,2.47,windy,medium,morning,Bike,27,2.0,44
199,17.8,snowy,medium,morning,Bike,16,9.0,73
688,5.96,clear,medium,afternoon,Bike,22,7.0,45
585,12.85,windy,medium,afternoon,Scooter,18,7.0,61
902,1.02,clear,medium,afternoon,Bike,25,4.0,34
60,6.84,rainy,medium,night,Car,14,8.0,47
329,8.68,rainy,medium,morning,Bike,8,5.0,52
97,10.69,clear,medium,night,Bike,25,9.0,67
313,0.99,clear,medium,evening,Bike,15,,32
975,1.11,clear,low,morning,Bike,5,6.0,10
300,2.16,snowy,low,evening,Scooter,15,0.0,36
278,13.17,windy,medium,afternoon,Bike,16,4.0,67
925,8.79,snowy,low,night,Bike,14,6.0,43
602,5.93,clear,low,afternoon,Scooter,19,3.0,36
440,2.09,rainy,low,night,Bike,23,2.0,36
838,7.57,clear,low,morning,Bike,21,0.0,56
571,10.52,rainy,medium,afternoon,Scooter,8,4.0,56
880,4.83,rainy,low,morning,Car,25,9.0,47
262,19.81,snowy,medium,afternoon,Car,20,5.0,104
579,10.1,rainy,low,evening,Car,8,4.0,50
24,7.64,windy,low,afternoon,Car,10,8.0,31
31,12.35,clear,low,morning,Scooter,10,6.0,35
618,5.9,rainy,low,evening,Car,26,9.0,44
11,0.9,clear,low,afternoon,Bike,20,8.0,23
222,11.58,clear,medium,morning,Scooter,16,2.0,61
821,16.16,clear,high,afternoon,Bike,11,1.0,82
297,15.51,clear,low,evening,Bike,17,9.0,69
55,12.16,windy,high,evening,Scooter,11,0.0,69
543,4.96,rainy,high,morning,Bike,21,0.0,60
210,3.64,windy,high,evening,Bike,17,6.0,40
605,2.85,clear,low,morning,Scooter,26,0.0,38
693,10.4,clear,low,evening,Bike,16,4.0,52
663,12.31,windy,low,morning,Bike,29,4.0,68
867,3.53,clear,medium,afternoon,Bike,13,7.0,31
71,15.56,clear,medium,evening,Bike,14,3.0,54
544,13.6,clear,medium,afternoon,Bike,27,0.0,87
108,15.23,snowy,high,morning,Bike,5,0.0,62
494,4.17,clear,low,evening,Scooter,5,1.0,22
591,3.21,rainy,high,night,Scooter,16,0.0,42
742,6.38,snowy,low,evening,Bike,16,1.0,111
293,16.54,rainy,low,afternoon,Scooter,6,7.0,51
290,12.02,clear,low,morning,Car,9,7.0,41
653,11.94,clear,low,evening,Bike,20,3.0,69
40,9.08,clear,low,afternoon,Scooter,14,5.0,49
590,3.46,snowy,medium,morning,Scooter,23,3.0,48
308,6.8,foggy,medium,morning,Scooter,13,7.0,46
680,17.38,rainy,medium,afternoon,Scooter,11,2.0,92
67,3.25,clear,low,morning,Bike,23,7.0,32
276,10.28,clear,medium,evening,Scooter,29,3.0,71
68,16.14,clear,low,night,Car,6,9.0,65
319,3.55,clear,medium,evening,Bike,23,0.0,43
549,10.65,clear,medium,afternoon,Scooter,23,8.0,58
999,19.03,clear,low,afternoon,Car,26,5.0,68
715,7.3,clear,low,night,Scooter,14,7.0,28
754,7.03,clear,low,evening,Scooter,21,1.0,44
328,12.43,snowy,low,afternoon,Car,12,0.0,70
383,12.76,windy,high,morning,Scooter,27,,74
452,11.39,rainy,high,evening,Scooter,14,1.0,72
523,19.41,clear,low,morning,Car,7,3.0,48
219,13.17,rainy,high,evening,Scooter,17,8.0,69
788,8.32,rainy,low,afternoon,Car,12,2.0,49
437,1.92,clear,low,evening,Bike,8,7.0,14
765,1.15,clear,low,afternoon,Scooter,26,4.0,30
89,17.8,windy,high,afternoon,Car,12,9.0,73
64,7.46,clear,medium,evening,Bike,8,5.0,42
827,7.25,clear,medium,afternoon,Scooter,18,4.0,45
717,16.7,clear,medium,afternoon,Scooter,28,1.0,76
352,17.2,rainy,high,afternoon,Scooter,14,2.0,94
937,0.86,clear,medium,afternoon,Car,21,7.0,28
257,18.76,clear,medium,evening,Car,15,2.0,80
636,9.22,clear,medium,afternoon,Car,18,9.0,57
645,2.84,clear,low,evening,Scooter,24,2.0,35
555,17.59,clear,low,morning,Bike,24,6.0,69
960,14.89,snowy,high,morning,Scooter,17,6.0,87
169,1.3,clear,medium,evening,Bike,22,4.0,31
918,18.99,rainy,high,afternoon,Bike,10,6.0,70
529,1.6,foggy,low,night,Scooter,24,,37
824,8.26,snowy,low,afternoon,Bike,15,1.0,57
986,10.16,clear,high,night,Bike,12,5.0,52
817,12.03,clear,medium,evening,Car,20,5.0,65
87,14.73,rainy,low,afternoon,Bike,24,6.0,74
433,12.56,clear,high,evening,Bike,17,5.0,69
185,5.53,clear,medium,afternoon,Bike,19,1.0,44
979,10.18,foggy,medium,morning,Bike,25,3.0,73
535,15.5,clear,medium,morning,Scooter,28,9.0,91
295,2.98,foggy,medium,night,Bike,11,2.0,27
893,16.69,foggy,medium,evening,Scooter,8,2.0,65
426,11.22,windy,high,evening,Bike,25,5.0,79
714,8.53,clear,low,evening,Scooter,8,2.0,41
261,12.49,clear,medium,morning,Bike,25,4.0,77
238,0.97,clear,low,night,Scooter,24,8.0,26
560,12.6,windy,medium,afternoon,Car,8,6.0,58
584,6.91,clear,medium,evening,Scooter,28,9.0,56
446,18.97,clear,low,evening,Car,25,4.0,120
868,4.05,clear,medium,evening,Bike,20,,44
801,14.29,windy,medium,morning,Bike,14,7.0,78
600,1.3,foggy,low,evening,Bike,19,5.0,29
850,12.11,rainy,low,morning,Bike,9,5.0,59
266,14.94,clear,medium,morning,Bike,11,0.0,62
996,2.29,rainy,high,afternoon,Car,8,8.0,80
530,17.36,rainy,high,afternoon,Bike,24,1.0,105
56,18.48,clear,medium,night,Bike,8,0.0,82
121,16.25,foggy,high,morning,Bike,10,5.0,91
216,5.13,clear,low,morning,Car,15,4.0,30
26,15.81,clear,low,evening,Car,25,1.0,92
73,0.61,clear,low,afternoon,Scooter,10,0.0,16
45,5.55,foggy,high,evening,Bike,18,1.0,116
248,19.35,clear,high,evening,Bike,12,7.0,75
722,4.03,clear,medium,evening,Bike,9,5.0,25
282,7.09,snowy,low,morning,Scooter,13,8.0,37
894,8.25,clear,medium,afternoon,Bike,7,9.0,28
915,11.26,clear,low,night,Bike,5,6.0,49
811,19.7,rainy,low,evening,Bike,10,2.0,60
245,0.8,snowy,high,evening,Bike,14,9.0,36
823,7.0,rainy,medium,evening,Bike,17,9.0,49
322,14.43,clear,medium,morning,Car,14,4.0,113
644,6.89,rainy,medium,afternoon,Bike,11,6.0,43
159,5.13,foggy,medium,evening,Car,25,1.0,60
978,1.5,clear,low,afternoon,Bike,10,1.0,17
430,2.78,clear,high,afternoon,Scooter,9,0.0,41
942,11.31,clear,medium,evening,Bike,7,0.0,54
463,15.05,clear,medium,evening,Car,12,2.0,66
310,5.78,foggy,low,afternoon,Scooter,9,9.0,33
698,11.83,clear,low,evening,Scooter,9,7.0,32
61,8.08,foggy,low,morning,Bike,25,2.0,61
885,16.1,clear,low,evening,Bike,25,0.0,64
596,9.74,rainy,medium,evening,Scooter,7,8.0,37
768,17.6,clear,low,afternoon,Bike,27,3.0,69
650,10.22,snowy,medium,night,Bike,18,1.0,68
651,2.19,clear,low,evening,Bike,26,3.0,32
866,11.41,windy,medium,afternoon,Scooter,17,4.0,68
669,4.14,clear,medium,morning,Scooter,14,2.0,30
299,12.65,rainy,low,afternoon,Bike,18,8.0,60
690,4.15,clear,medium,morning,Car,17,8.0,46
315,16.8,clear,high,morning,Car,19,4.0,85
311,9.06,clear,medium,evening,Bike,23,4.0,47
362,13.04,clear,medium,morning,Scooter,20,6.0,65
480,10.7,clear,medium,afternoon,Scooter,8,5.0,44
111,6.15,foggy,low,evening,Scooter,26,5.0,48
990,16.47,snowy,high,evening,Scooter,20,9.0,75
487,1.39,clear,medium,afternoon,Bike,15,4.0,24
364,11.14,rainy,medium,morning,Scooter,7,3.0,47
255,3.81,rainy,high,afternoon,Bike,5,6.0,31
260,2.39,rainy,medium,evening,Bike,27,7.0,43
803,11.74,clear,high,evening,Car,6,3.0,54
678,8.26,clear,low,evening,Car,21,4.0,80
495,9.54,rainy,medium,evening,Scooter,11,5.0,47
671,3.88,clear,medium,morning,Bike,16,2.0,35
378,0.95,rainy,medium,morning,Car,27,0.0,44
527,8.59,clear,low,night,Scooter,17,8.0,36
846,8.59,clear,low,evening,Bike,22,2.0,43
138,14.21,clear,medium,evening,Bike,24,,58
356,13.03,foggy,low,morning,Scooter,9,1.0,50
366,8.03,clear,low,evening,Scooter,14,8.0,42
943,13.2,snowy,low,morning,Car,14,3.0,62
750,12.67,clear,medium,evening,Car,10,3.0,65
949,17.54,clear,medium,morning,Car,16,8.0,54
830,9.32,clear,low,morning,Scooter,6,5.0,30
657,6.03,rainy,high,afternoon,Car,8,6.0,46
200,15.71,clear,low,afternoon,Scooter,28,5.0,69
214,4.87,snowy,high,evening,Bike,16,7.0,54
409,18.15,rainy,high,morning,Bike,22,7.0,108
333,0.78,clear,medium,morning,Bike,6,1.0,17
209,0.6,clear,low,afternoon,Bike,26,3.0,30
614,2.09,clear,medium,evening,Bike,5,5.0,16
79,7.49,clear,medium,morning,Scooter,13,9.0,45
30,1.41,foggy,medium,evening,Bike,15,0.0,72
536,18.92,clear,high,morning,Scooter,27,4.0,100
696,12.41,clear,medium,morning,Car,10,1.0,51
558,1.06,clear,low,afternoon,Scooter,19,6.0,21
837,18.34,clear,high,night,Bike,9,4.0,92
597,13.52,clear,low,morning,Scooter,27,1.0,82
166,16.79,foggy,high,afternoon,Bike,24,6.0,85
919,15.39,clear,medium,evening,Scooter,24,5.0,89
496,7.39,rainy,medium,morning,Scooter,25,6.0,60
825,10.98,rainy,low,morning,Scooter,10,6.0,55
66,11.08,snowy,medium,morning,Bike,9,0.0,57
142,5.41,clear,medium,night,Bike,14,5.0,36
926,0.94,clear,high,morning,Bike,9,6.0,21
828,7.27,windy,low,afternoon,Bike,10,5.0,35
656,2.99,windy,medium,morning,Bike,27,5.0,41
332,15.28,snowy,low,evening,Bike,16,5.0,72
665,2.48,windy,medium,afternoon,Car,14,6.0,27
250,17.13,rainy,low,evening,Car,19,1.0,71
908,7.17,clear,low,afternoon,Bike,15,7.0,32
709,5.47,rainy,low,morning,Car,21,6.0,38
306,19.53,foggy,low,afternoon,Bike,11,6.0,87
735,7.5,clear,high,morning,Bike,29,1.0,66
976,5.61,windy,low,night,Bike,25,9.0,48
50,4.1,clear,low,morning,Bike,21,3.0,37
897,6.22,rainy,medium,morning,Bike,15,0.0,49
3,14.77,clear,high,morning,Scooter,11,6.0,67
545,12.55,windy,low,evening,Bike,13,8.0,51
351,10.31,foggy,medium,morning,Scooter,19,5.0,62
905,8.72,snowy,medium,evening,Car,18,7.0,64
537,17.07,clear,medium,morning,Bike,20,6.0,73
345,8.27,clear,high,afternoon,Scooter,13,5.0,58
995,7.54,snowy,low,afternoon,Bike,20,,55
482,14.07,clear,high,afternoon,Bike,5,8.0,67
576,19.02,clear,medium,afternoon,Bike,29,9.0,87
34,19.0,clear,high,morning,Car,28,3.0,96
32,3.83,rainy,medium,afternoon,Bike,12,9.0,30
232,10.3,clear,low,evening,Scooter,19,8.0,48
964,8.09,clear,high,afternoon,Scooter,15,4.0,51
193,18.06,clear,medium,night,Bike,9,8.0,52
334,2.76,windy,medium,morning,Scooter,8,5.0,22
4,12.17,snowy,low,evening,Bike,20,8.0,68
205,12.33,clear,medium,evening,Bike,22,9.0,75
515,1.38,clear,medium,evening,Scooter,5,8.0,13
800,18.49,clear,low,afternoon,Scooter,14,6.0,71
307,10.57,snowy,low,afternoon,Bike,28,9.0,59
110,2.0,clear,high,evening,Scooter,10,2.0,30
431,3.29,clear,medium,afternoon,Scooter,17,4.0,32
78,1.94,rainy,medium,morning,Bike,16,0.0,35
85,6.56,windy,medium,evening,Bike,14,1.0,47
287,9.58,clear,high,afternoon,Car,26,8.0,60
83,6.95,clear,medium,morning,Scooter,25,2.0,58
992,14.05,clear,high,morning,Scooter,19,0.0,72
790,18.97,rainy,high,night,Bike,20,8.0,108
895,13.53,rainy,low,evening,Bike,28,8.0,78
399,15.14,rainy,medium,morning,Bike,8,6.0,66
324,5.96,clear,low,afternoon,Bike,26,6.0,48
520,3.43,windy,medium,morning,Bike,7,6.0,23
917,6.24,clear,medium,evening,Bike,15,3.0,52
923,17.94,rainy,high,evening,Scooter,22,6.0,85
6,3.54,rainy,medium,evening,Bike,10,5.0,32
732,16.38,rainy,medium,night,Bike,7,,90
466,7.81,clear,low,evening,Bike,11,4.0,42
98,8.84,clear,medium,morning,Bike,26,0.0,57
267,14.09,clear,medium,afternoon,Scooter,12,3.0,55
358,11.92,clear,low,afternoon,Scooter,14,4.0,46
869,17.3,clear,low,evening,Scooter,9,0.0,67
799,14.08,clear,high,morning,Bike,28,6.0,66
381,2.8,clear,high,afternoon,Bike,28,1.0,50
632,17.96,clear,medium,evening,Bike,22,2.0,76
382,14.09,clear,high,afternoon,Bike,12,6.0,67
491,9.39,clear,low,morning,Bike,14,2.0,37
119,17.9,clear,low,morning,Bike,23,,85
901,4.55,rainy,low,afternoon,Bike,5,6.0,21
251,6.24,snowy,low,afternoon,Bike,20,4.0,51
524,16.92,clear,low,morning,Scooter,29,0.0,70
10,14.31,clear,medium,morning,Bike,9,8.0,47
197,14.66,windy,medium,evening,Bike,20,2.0,77
604,2.23,clear,low,morning,Bike,7,6.0,14
82,12.65,clear,low,evening,Bike,15,4.0,66
784,7.24,rainy,medium,evening,Bike,28,6.0,65
588,3.01,clear,medium,evening,Bike,14,4.0,26
798,11.52,clear,medium,morning,Scooter,25,2.0,58
240,3.95,clear,low,afternoon,Bike,13,5.0,25
291,1.09,clear,medium,morning,Scooter,6,2.0,17
212,13.99,clear,high,evening,Scooter,7,3.0,96
718,19.32,rainy,high,morning,Car,21,7.0,112
360,11.72,rainy,low,evening,Bike,11,9.0,42
450,2.13,rainy,low,morning,Scooter,9,2.0,22
228,8.17,clear,medium,afternoon,Scooter,20,9.0,44
951,12.21,clear,high,morning,Bike,9,4.0,57
947,3.17,clear,medium,evening,Scooter,17,6.0,33
797,18.68,snowy,low,afternoon,Bike,11,8.0,62
502,10.95,clear,medium,evening,Scooter,24,4.0,55
465,19.26,windy,medium,morning,Scooter,21,6.0,67
363,9.44,rainy,medium,evening,Scooter,28,8.0,63
469,4.86,foggy,medium,evening,Car,25,4.0,52
936,5.81,foggy,low,afternoon,Bike,25,8.0,51
429,7.34,rainy,low,evening,Bike,22,8.0,47
8,17.39,foggy,medium,morning,Bike,25,4.0,100
156,5.22,snowy,low,evening,Bike,11,9.0,40
542,12.32,clear,medium,evening,Scooter,17,4.0,71
441,2.15,windy,medium,afternoon,Car,17,6.0,30
483,9.36,rainy,high,morning,Scooter,17,2.0,65
423,2.28,clear,medium,evening,Scooter,27,9.0,39
779,14.54,clear,medium,evening,Bike,29,2.0,73
950,12.15,clear,high,morning,Car,12,6.0,63
335,1.4,windy,low,evening,Bike,9,9.0,17
577,3.37,clear,high,morning,Bike,9,,28
935,3.85,rainy,medium,afternoon,Bike,26,3.0,46
568,9.03,clear,low,evening,Bike,11,5.0,43
595,17.99,snowy,low,afternoon,Bike,15,3.0,63
531,16.35,clear,medium,morning,Bike,16,0.0,66
582,19.61,clear,high,evening,Bike,8,6.0,72
708,16.29,clear,low,morning,Bike,20,1.0,72
449,7.84,windy,low,afternoon,Bike,6,4.0,28
454,18.17,rainy,low,afternoon,Car,13,0.0,71
229,17.89,windy,low,evening,Bike,27,1.0,101
353,13.34,clear,medium,night,Bike,20,6.0,53
729,4.43,foggy,low,morning,Scooter,10,1.0,63
213,13.21,clear,medium,morning,Scooter,12,4.0,63
80,2.76,windy,medium,night,Bike,6,2.0,27
149,1.5,foggy,medium,evening,Scooter,15,4.0,32
303,11.04,clear,medium,afternoon,Scooter,8,2.0,54
629,1.22,clear,medium,evening,Scooter,6,,14
778,14.58,clear,low,afternoon,Bike,13,,57
507,18.26,rainy,high,night,Scooter,28,7.0,93
343,3.88,foggy,low,evening,Car,27,9.0,42
486,18.07,clear,high,afternoon,Scooter,5,2.0,67
712,12.11,clear,medium,evening,Bike,28,0.0,75
134,7.08,clear,medium,afternoon,Scooter,5,8.0,27
704,3.12,rainy,low,evening,Scooter,14,5.0,28
312,2.03,foggy,high,evening,Car,14,4.0,36
723,1.8,clear,medium,night,Bike,14,1.0,28
630,5.42,clear,low,evening,Scooter,11,9.0,26
1,7.8,clear,low,evening,Scooter,23,5.0,52
317,8.47,rainy,low,afternoon,Scooter,19,0.0,48
707,6.79,rainy,low,evening,Scooter,16,1.0,39
548,13.6,rainy,medium,afternoon,Scooter,23,6.0,83
873,13.06,rainy,high,morning,Bike,17,8.0,59
533,19.93,snowy,low,afternoon,Bike,6,6.0,59
478,11.3,snowy,medium,afternoon,Bike,15,8.0,70
405,6.74,rainy,medium,evening,Car,21,9.0,47
173,10.49,rainy,low,morning,Bike,28,9.0,66
126,8.83,clear,medium,evening,Scooter,12,3.0,109
395,7.15,clear,high,night,Car,29,7.0,60
421,15.94,clear,low,evening,Bike,24,2.0,77
553,11.26,foggy,high,afternoon,Bike,14,2.0,70
904,11.87,clear,medium,morning,Bike,10,6.0,43
91,2.83,windy,medium,afternoon,Scooter,14,6.0,28
940,11.74,clear,low,afternoon,Car,20,1.0,52
182,2.71,clear,low,morning,Scooter,6,1.0,20
275,10.47,clear,high,evening,Scooter,14,7.0,55
896,4.5,snowy,high,evening,Bike,24,0.0,66
70,19.74,clear,low,evening,Car,21,7.0,71
292,1.23,clear,low,evening,Bike,18,6.0,21
132,4.83,clear,low,evening,Bike,11,1.0,29
301,1.51,clear,high,afternoon,Bike,14,2.0,32
425,1.62,windy,low,evening,Bike,9,8.0,16
327,11.31,clear,high,evening,Bike,20,0.0,67
145,6.05,clear,medium,morning,Car,24,0.0,48
424,10.14,clear,medium,morning,Scooter,20,1.0,59
581,9.45,clear,low,afternoon,Car,13,0.0,49
136,6.8,clear,high,evening,Bike,28,5.0,55
451,15.65,clear,low,afternoon,Bike,27,0.0,76
165,2.26,clear,medium,morning,Scooter,6,3.0,19
29,12.05,clear,low,evening,Scooter,29,4.0,61
774,8.25,windy,medium,evening,Car,24,4.0,62
194,12.85,rainy,medium,afternoon,Scooter,23,0.0,80
389,15.14,windy,medium,morning,Bike,15,4.0,71
853,4.59,foggy,low,evening,Scooter,19,8.0,36
170,12.02,clear,low,afternoon,Bike,26,0.0,63
706,19.8,clear,high,evening,Bike,7,3.0,88
141,19.27,foggy,high,afternoon,Bike,14,6.0,92
174,4.92,clear,high,morning,Scooter,12,0.0,41
7,1.63,rainy,medium,night,Bike,24,5.0,38
746,18.04,clear,medium,morning,Bike,8,5.0,71
479,19.4,snowy,medium,afternoon,Scooter,23,9.0,92
74,16.4,clear,high,morning,Scooter,12,2.0,70
911,12.01,clear,low,morning,Car,5,7.0,42
814,18.46,clear,medium,evening,Scooter,29,1.0,120
239,13.09,windy,low,evening,Scooter,17,1.0,69
146,1.22,foggy,high,afternoon,Scooter,14,2.0,38
793,10.36,rainy,medium,afternoon,Bike,7,8.0,39
235,4.31,rainy,medium,afternoon,Bike,9,2.0,35
221,13.32,windy,medium,afternoon,Bike,26,0.0,71
924,16.1,clear,low,morning,Car,16,6.0,61
501,14.11,rainy,high,morning,Scooter,24,3.0,93
133,2.84,clear,medium,night,Scooter,28,1.0,44
991,16.09,snowy,low,morning,Car,13,6.0,69
775,16.05,snowy,medium,evening,Bike,11,2.0,89
186,13.37,windy,high,afternoon,Scooter,17,8.0,63
42,10.16,snowy,medium,night,Bike,10,1.0,67
697,6.13,clear,medium,night,Scooter,22,0.0,48
109,4.96,rainy,low,afternoon,Car,10,7.0,28
589,3.0,clear,low,morning,Scooter,29,1.0,43
57,2.23,snowy,medium,evening,Car,14,0.0,41
406,17.96,clear,medium,evening,Scooter,26,0.0,74
443,7.8,rainy,medium,morning,Bike,11,7.0,49
758,10.9,clear,high,afternoon,Scooter,6,8.0,47
998,3.17,clear,low,afternoon,Bike,17,1.0,28
25,9.39,windy,medium,morning,Scooter,21,9.0,50
468,17.44,clear,low,evening,Bike,25,9.0,89
540,3.02,rainy,medium,morning,Bike,23,1.0,46
532,19.99,rainy,high,evening,Bike,17,1.0,112
619,16.22,rainy,high,evening,Bike,22,0.0,102
695,2.74,clear,high,afternoon,Bike,18,9.0,37
927,5.74,rainy,high,evening,Bike,13,9.0,46
339,9.75,clear,low,afternoon,Bike,22,7.0,50
52,15.62,rainy,medium,afternoon,Scooter,23,7.0,78
508,16.54,rainy,medium,afternoon,Bike,25,7.0,77
517,7.84,rainy,low,morning,Scooter,7,8.0,36
921,17.44,clear,low,night,Car,23,0.0,85
782,11.08,windy,high,afternoon,Bike,16,6.0,70
265,17.61,clear,medium,evening,Scooter,21,9.0,79
818,8.28,snowy,low,evening,Car,29,7.0,58
711,15.32,clear,medium,morning,Bike,17,6.0,80
683,3.83,rainy,low,evening,Car,27,3.0,49
833,3.25,rainy,medium,evening,Scooter,29,0.0,51
519,19.75,clear,medium,morning,Bike,25,1.0,103
448,15.19,foggy,low,evening,Scooter,6,4.0,53
19,8.92,windy,medium,morning,Bike,25,4.0,62
716,18.63,windy,low,afternoon,Bike,11,5.0,85
484,12.74,clear,low,night,Scooter,18,0.0,67
569,18.13,rainy,high,evening,Bike,21,2.0,88
434,2.47,rainy,low,afternoon,Car,22,6.0,34
368,18.15,windy,medium,morning,Bike,11,2.0,89
84,1.74,foggy,high,afternoon,Scooter,8,9.0,28
62,5.79,windy,medium,morning,Bike,26,6.0,49
639,5.75,windy,high,morning,Scooter,7,4.0,37
273,17.41,snowy,medium,evening,Bike,20,4.0,80
286,1.2,rainy,low,morning,Scooter,24,7.0,33
361,8.07,windy,low,evening,Bike,21,4.0,48
355,1.88,clear,medium,morning,Scooter,24,7.0,35
457,0.72,rainy,medium,afternoon,Scooter,9,2.0,23
279,14.19,clear,medium,afternoon,Bike,9,1.0,57
13,16.73,windy,high,afternoon,Scooter,9,7.0,71
183,18.53,rainy,low,afternoon,Scooter,8,8.0,57
369,4.32,clear,low,morning,Bike,21,9.0,34
882,13.6,foggy,high,evening,Bike,9,7.0,61
616,18.46,rainy,low,morning,Bike,19,9.0,94
224,7.67,windy,low,morning,Car,9,2.0,31
573,8.23,snowy,low,evening,Bike,17,3.0,56
971,13.44,clear,low,night,Bike,29,0.0,63
654,15.04,clear,low,morning,Car,24,5.0,60
546,7.48,clear,medium,morning,Car,21,4.0,52
583,10.11,rainy,medium,afternoon,Scooter,23,2.0,63
634,10.88,snowy,low,afternoon,Car,13,3.0,52
177,13.97,snowy,low,evening,Scooter,14,8.0,52
666,3.48,foggy,low,afternoon,Scooter,9,1.0,31
674,10.73,foggy,low,morning,Bike,6,6.0,35
586,5.18,clear,medium,afternoon,Car,9,2.0,30
874,8.47,foggy,medium,evening,Bike,24,0.0,68
394,15.64,rainy,low,evening,Bike,20,4.0,120
164,10.95,snowy,medium,afternoon,Bike,9,1.0,65
249,19.29,windy,medium,evening,Scooter,7,8.0,84
635,2.59,windy,medium,evening,Bike,13,5.0,28
886,3.98,clear,high,night,Car,19,3.0,41
670,6.06,foggy,low,afternoon,Scooter,10,8.0,41
376,6.72,foggy,low,evening,Bike,8,5.0,31
413,19.04,clear,medium,morning,Scooter,27,2.0,85
75,14.28,windy,high,afternoon,Scooter,23,5.0,77
114,16.26,rainy,high,morning,Bike,16,6.0,70
599,4.25,clear,low,afternoon,Bike,5,4.0,22
962,12.26,clear,low,afternoon,Bike,20,2.0,66
391,19.81,clear,low,afternoon,Bike,27,1.0,74
105,18.2,windy,medium,morning,Bike,27,1.0,108
115,12.85,rainy,medium,morning,Scooter,14,8.0,73
418,6.91,clear,low,evening,Bike,27,8.0,91
526,9.64,clear,low,morning,Bike,10,5.0,46
458,9.64,rainy,medium,evening,Bike,14,6.0,52
410,2.28,foggy,medium,morning,Scooter,27,6.0,44
93,15.34,rainy,low,afternoon,Bike,18,6.0,54
931,3.22,rainy,medium,night,Bike,14,8.0,34
90,9.71,clear,low,morning,Bike,8,1.0,49
337,17.18,clear,medium,night,Scooter,13,1.0,62
989,5.3,clear,medium,afternoon,Scooter,29,3.0,47
922,10.0,clear,medium,afternoon,Scooter,6,9.0,47
934,10.75,rainy,medium,morning,Bike,8,6.0,60
606,9.49,rainy,medium,morning,Car,23,6.0,53
594,7.24,clear,medium,afternoon,Bike,28,7.0,57
612,16.09,rainy,low,morning,Bike,21,8.0,66
95,15.53,clear,low,morning,Bike,26,6.0,83
12,19.41,windy,low,morning,Bike,11,8.0,62
397,17.24,clear,low,evening,Bike,17,5.0,69
534,11.33,clear,low,morning,Bike,25,3.0,60
44,18.23,rainy,low,afternoon,Scooter,27,9.0,86
43,1.17,clear,medium,morning,Bike,16,9.0,25
330,5.33,clear,low,evening,Car,29,1.0,51
168,4.14,rainy,low,morning,Bike,23,2.0,41
498,2.02,clear,high,evening,Bike,28,5.0,44
877,14.46,rainy,medium,morning,Scooter,11,9.0,68
598,3.86,clear,medium,afternoon,Bike,21,8.0,34
757,12.59,windy,medium,morning,Bike,13,9.0,62
101,1.11,clear,high,morning,Scooter,22,8.0,35
427,9.11,clear,low,afternoon,Bike,19,6.0,42
179,18.77,snowy,medium,evening,Bike,24,0.0,115
445,16.35,foggy,medium,night,Bike,16,6.0,67
417,6.22,clear,low,afternoon,Bike,16,9.0,29
871,7.78,foggy,high,afternoon,Bike,25,3.0,74
883,0.88,rainy,low,night,Car,27,2.0,37
681,16.43,clear,low,evening,Bike,13,5.0,56
178,8.04,clear,medium,evening,Car,27,0.0,65
396,18.65,foggy,low,night,Car,19,2.0,68
912,5.73,foggy,low,morning,Scooter,7,2.0,30
794,12.42,rainy,low,evening,Bike,28,9.0,79
961,2.11,clear,low,afternoon,Scooter,28,5.0,34
685,18.62,clear,low,evening,Scooter,27,6.0,75
384,17.61,clear,medium,morning,Scooter,19,3.0,80
957,10.62,rainy,medium,night,Bike,7,2.0,48
752,18.83,clear,medium,night,Bike,8,0.0,68
258,14.07,clear,medium,morning,Bike,16,9.0,73
539,9.29,clear,medium,evening,Bike,10,9.0,40
336,1.29,rainy,low,evening,Bike,7,7.0,15
16,4.08,windy,medium,afternoon,Bike,7,0.0,33
325,19.12,windy,high,evening,Car,8,0.0,92
759,17.93,clear,medium,afternoon,Bike,29,4.0,85
223,2.33,clear,low,morning,Car,6,1.0,17
180,3.18,rainy,medium,evening,Bike,21,3.0,42
984,1.97,clear,high,morning,Car,28,7.0,43
23,6.2,windy,high,evening,Scooter,7,3.0,42
357,1.02,windy,high,evening,Bike,6,8.0,21
667,5.3,clear,low,evening,Bike,16,5.0,32
862,9.34,rainy,low,evening,Car,10,0.0,40
341,10.09,clear,medium,evening,Bike,7,0.0,49
432,15.35,rainy,high,night,Scooter,23,9.0,80
552,17.12,rainy,low,morning,Bike,26,3.0,86
834,3.94,snowy,low,afternoon,Bike,19,3.0,43
204,18.02,clear,medium,evening,Car,12,3.0,77
631,14.41,snowy,medium,evening,Bike,8,8.0,75
94,11.44,rainy,medium,evening,Car,20,2.0,57
559,15.23,foggy,low,morning,Car,6,0.0,52
69,1.95,clear,low,morning,Scooter,16,2.0,23
623,7.72,rainy,medium,morning,Bike,11,,36
285,11.78,clear,low,afternoon,Scooter,26,3.0,71
845,3.4,windy,medium,morning,Bike,11,6.0,30
435,2.14,clear,high,evening,Bike,18,3.0,34
154,10.04,rainy,high,afternoon,Bike,12,9.0,59
76,14.72,clear,medium,evening,Scooter,15,8.0,80
731,3.7,clear,medium,morning,Bike,28,7.0,45
447,19.73,rainy,low,evening,Bike,8,8.0,64
189,10.83,clear,medium,evening,Scooter,8,9.0,51
272,16.3,foggy,low,morning,Car,12,1.0,100
237,5.98,foggy,high,morning,Bike,14,6.0,44
488,5.98,rainy,high,morning,Bike,21,2.0,60
118,4.14,foggy,medium,morning,Bike,21,0.0,46
944,16.68,clear,medium,afternoon,Bike,9,9.0,63
513,18.69,windy,medium,night,Bike,23,9.0,74
826,18.44,rainy,high,morning,Bike,27,7.0,80
592,13.0,windy,high,morning,Bike,22,8.0,65
127,16.45,clear,medium,evening,Scooter,25,3.0,87
117,16.17,clear,medium,evening,Car,10,2.0,116
474,17.88,clear,medium,evening,Bike,29,3.0,98
694,5.23,clear,medium,morning,Scooter,19,4.0,37
58,4.32,clear,medium,morning,Bike,17,4.0,36
864,9.09,rainy,medium,morning,Bike,6,7.0,43
913,12.67,windy,medium,morning,Scooter,7,3.0,43
370,1.85,clear,medium,evening,Bike,10,1.0,24
269,7.51,rainy,low,evening,Car,27,6.0,50
47,6.58,clear,low,afternoon,Bike,13,1.0,34
350,12.7,clear,low,morning,Scooter,22,2.0,57
196,7.31,foggy,medium,afternoon,Bike,26,2.0,65
1000,9.2,clear,high,morning,Scooter,9,9.0,48
835,10.22,foggy,low,afternoon,Scooter,21,0.0,61
737,8.15,clear,high,evening,Scooter,12,9.0,43
264,10.61,clear,medium,morning,Bike,17,0.0,59
444,7.73,clear,high,night,Bike,29,5.0,58
676,19.66,clear,low,morning,Car,19,6.0,70
305,14.66,snowy,high,morning,Car,5,6.0,71
342,9.73,clear,low,afternoon,Bike,29,6.0,60
967,14.52,clear,medium,afternoon,Car,26,5.0,86
150,5.93,foggy,high,evening,Scooter,27,1.0,106
125,4.94,rainy,high,evening,Scooter,28,4.0,63
787,11.88,rainy,high,afternoon,Car,29,9.0,78
51,19.41,foggy,medium,morning,Car,7,6.0,66
354,3.68,clear,high,afternoon,Car,16,6.0,47
928,11.06,clear,high,evening,Bike,6,9.0,53
143,10.2,rainy,medium,afternoon,Bike,18,9.0,56
471,0.74,rainy,low,morning,Car,13,4.0,21
400,15.21,snowy,medium,afternoon,Bike,20,9.0,90
626,7.69,rainy,high,morning,Scooter,16,3.0,58
321,11.21,clear,high,afternoon,Scooter,23,1.0,76
20,6.18,clear,medium,evening,Bike,9,9.0,35
810,2.71,clear,medium,morning,Car,6,5.0,19
791,3.49,clear,medium,morning,Bike,17,2.0,38
809,9.29,clear,medium,morning,Bike,17,2.0,49
408,0.71,foggy,low,night,Bike,29,1.0,41
538,5.32,rainy,low,afternoon,Scooter,27,2.0,48
621,4.1,clear,medium,evening,Car,18,3.0,38
39,13.84,clear,low,morning,Scooter,18,,64
176,3.9,rainy,high,morning,Car,25,9.0,54
246,18.6,rainy,medium,morning,Car,28,9.0,77
829,14.88,snowy,medium,evening,Bike,10,0.0,64
668,3.63,windy,medium,morning,Car,22,9.0,39
755,3.22,windy,high,morning,Car,7,7.0,27
859,11.51,foggy,low,afternoon,Car,5,7.0,57
155,19.72,rainy,low,afternoon,Bike,27,6.0,109
288,11.08,clear,low,evening,Scooter,28,2.0,58
603,3.95,clear,medium,morning,Car,28,5.0,47
570,7.29,clear,high,evening,Car,11,7.0,48
744,10.3,clear,low,morning,Car,12,7.0,41
18,10.73,rainy,high,afternoon,Car,27,6.0,83
128,17.28,clear,low,morning,Car,28,3.0,72
323,13.37,foggy,medium,evening,Scooter,16,9.0,71
256,11.36,clear,medium,morning,Scooter,8,2.0,52
658,7.58,clear,high,afternoon,Scooter,19,9.0,57
965,6.13,rainy,high,evening,Bike,25,6.0,59
191,2.32,clear,low,afternoon,Scooter,23,1.0,32
116,17.49,rainy,low,evening,Bike,27,9.0,97
617,1.69,windy,medium,afternoon,Car,11,7.0,20
607,4.52,clear,low,evening,Car,17,0.0,71
181,7.15,windy,low,morning,Bike,15,3.0,42
302,10.86,windy,medium,evening,Car,10,4.0,60
760,15.88,rainy,low,evening,Car,17,1.0,68
713,9.7,snowy,low,evening,Bike,6,,45
724,14.95,clear,medium,morning,Bike,13,7.0,49
686,11.36,foggy,low,afternoon,Bike,6,4.0,47
980,12.14,foggy,high,afternoon,Bike,12,0.0,65
518,16.31,foggy,medium,afternoon,Car,14,7.0,71
985,14.7,clear,medium,evening,Scooter,24,5.0,75
46,13.42,rainy,medium,evening,Bike,6,6.0,105
910,7.9,clear,low,afternoon,Scooter,22,,48
158,15.35,foggy,low,morning,Car,5,3.0,56
852,15.12,foggy,low,morning,Bike,14,1.0,58
172,0.82,windy,low,morning,Car,18,9.0,23
17,6.43,clear,low,evening,Car,9,7.0,26
512,8.66,snowy,high,morning,Bike,29,3.0,77
49,11.16,foggy,medium,afternoon,Car,21,4.0,77
972,18.77,foggy,low,afternoon,Car,15,,71
941,5.84,clear,medium,evening,Bike,21,7.0,35
516,1.01,clear,high,night,Bike,17,7.0,29
953,3.92,rainy,medium,night,Bike,20,9.0,41
481,12.77,foggy,low,morning,Bike,22,8.0,71
284,2.33,clear,low,evening,Bike,9,2.0,18
719,2.92,windy,high,afternoon,Bike,24,4.0,48
878,13.35,rainy,low,evening,Scooter,14,4.0,91
226,5.26,rainy,medium,evening,Scooter,28,8.0,51
27,4.39,foggy,medium,night,Bike,12,8.0,38
955,8.67,windy,high,morning,Bike,20,4.0,55
438,16.53,snowy,low,afternoon,Scooter,24,9.0,99
952,13.47,clear,medium,evening,Bike,19,4.0,59
365,18.86,snowy,medium,night,Bike,18,1.0,89
230,12.81,clear,low,morning,Bike,12,2.0,51
38,2.4,snowy,low,night,Scooter,27,5.0,42
966,7.44,rainy,medium,evening,Bike,6,1.0,39
375,1.89,clear,medium,evening,Scooter,13,7.0,22
470,19.28,snowy,medium,morning,Car,21,3.0,101
968,6.29,clear,medium,morning,Scooter,10,7.0,27
851,1.81,clear,medium,afternoon,Car,23,3.0,34
705,1.74,clear,medium,night,Bike,23,2.0,34
842,13.44,clear,medium,morning,Car,22,1.0,79
195,7.11,clear,low,afternoon,Scooter,27,,48
855,4.5,windy,low,evening,Scooter,20,6.0,32
865,8.31,windy,medium,morning,Bike,6,5.0,44
504,16.37,clear,high,morning,Bike,26,7.0,97
970,9.78,clear,medium,afternoon,Bike,18,3.0,58
831,4.88,windy,medium,afternoon,Scooter,26,7.0,48
580,5.54,rainy,medium,evening,Scooter,28,9.0,51
969,11.54,clear,high,afternoon,Car,10,0.0,56
163,12.85,clear,low,afternoon,Scooter,5,,54
909,5.56,clear,low,afternoon,Scooter,19,5.0,31
153,3.33,clear,medium,evening,Scooter,24,2.0,44
802,3.47,snowy,high,night,Bike,24,9.0,53
994,12.01,clear,low,morning,Scooter,26,6.0,57
756,15.98,foggy,low,morning,Car,21,6.0,90
112,3.64,clear,low,morning,Scooter,16,3.0,26
227,19.47,clear,low,morning,Bike,16,8.0,83
689,15.51,rainy,medium,morning,Scooter,10,8.0,81
104,10.42,windy,medium,afternoon,Bike,28,3.0,72
422,15.9,rainy,low,evening,Car,19,5.0,78
420,15.17,windy,low,morning,Bike,25,4.0,77
751,2.78,rainy,low,evening,Bike,21,4.0,37
587,1.98,rainy,low,afternoon,Bike,22,0.0,39
781,14.03,clear,low,afternoon,Bike,17,2.0,65
673,2.06,foggy,medium,evening,Scooter,22,4.0,40
120,11.02,clear,high,morning,Scooter,22,2.0,70
54,17.95,snowy,high,morning,Scooter,16,,96
152,5.17,foggy,low,morning,Bike,29,0.0,56
404,16.62,snowy,low,afternoon,Bike,26,8.0,94
946,0.71,rainy,low,morning,Car,25,8.0,31
208,13.44,clear,medium,evening,Scooter,9,5.0,55
659,13.1,clear,low,evening,Bike,28,2.0,72
844,19.24,rainy,high,afternoon,Bike,9,7.0,75
763,5.35,clear,medium,afternoon,Scooter,24,6.0,43
9,12.22,clear,low,evening,Scooter,15,0.0,56
808,18.55,clear,low,afternoon,Car,11,9.0,69
37,6.44,clear,low,afternoon,Car,18,2.0,43
453,8.77,foggy,medium,evening,Car,14,7.0,49
652,10.97,clear,low,afternoon,Scooter,27,3.0,51
254,6.68,clear,high,morning,Scooter,10,5.0,44
304,12.93,rainy,low,afternoon,Scooter,25,0.0,61
747,7.99,clear,medium,evening,Bike,18,4.0,42
572,15.78,clear,high,afternoon,Scooter,12,1.0,68
624,9.95,windy,high,evening,Scooter,21,5.0,72
733,13.47,rainy,low,afternoon,Scooter,7,6.0,46
892,17.19,clear,medium,afternoon,Bike,11,8.0,76
263,3.23,clear,high,afternoon,Bike,17,9.0,33
611,1.27,foggy,high,afternoon,Bike,25,9.0,46
298,4.71,clear,low,morning,Bike,20,6.0,31
415,12.82,rainy,medium,evening,Bike,28,9.0,72
151,18.21,clear,low,evening,Bike,6,3.0,74
789,9.51,clear,high,morning,Bike,26,9.0,63
641,0.89,rainy,low,morning,Car,9,0.0,20
890,5.24,windy,high,afternoon,Scooter,26,8.0,51
551,10.64,windy,low,evening,Car,11,9.0,36
887,13.23,clear,medium,night,Bike,20,8.0,70
489,19.03,clear,medium,morning,Scooter,8,8.0,65
148,10.3,rainy,low,evening,Bike,29,0.0,73
147,12.39,snowy,medium,evening,Bike,14,8.0,56
721,18.8,clear,high,afternoon,Bike,23,7.0,95
932,16.78,rainy,medium,morning,Bike,22,1.0,70
740,7.85,clear,low,afternoon,Scooter,7,9.0,34
660,11.63,clear,medium,night,Scooter,29,7.0,57
349,7.8,windy,medium,afternoon,Car,17,6.0,44
464,11.88,rainy,medium,afternoon,Bike,5,1.0,63
326,14.89,clear,high,evening,Car,22,9.0,88
187,16.44,rainy,high,afternoon,Bike,12,,86
124,2.65,clear,medium,afternoon,Car,14,4.0,35
854,18.01,foggy,high,night,Bike,14,2.0,71
609,10.32,clear,medium,night,Car,24,5.0,49
144,6.37,rainy,low,afternoon,Car,29,4.0,56
959,3.74,rainy,low,morning,Bike,19,6.0,36
198,17.99,windy,high,evening,Bike,5,1.0,73
610,13.96,rainy,low,night,Bike,5,1.0,42
280,16.02,clear,low,evening,Bike,20,7.0,61
294,7.52,clear,medium,afternoon,Car,17,9.0,44
401,2.51,clear,low,morning,Bike,16,2.0,28
123,6.7,foggy,high,morning,Scooter,23,3.0,59
184,17.61,windy,low,morning,Bike,5,8.0,61
203,3.65,clear,medium,morning,Bike,29,9.0,46
439,14.27,clear,medium,night,Car,24,3.0,77
247,8.85,clear,low,afternoon,Bike,11,9.0,45
416,9.24,windy,medium,afternoon,Bike,8,2.0,49
933,19.7,rainy,low,evening,Car,16,6.0,66
766,11.61,clear,high,morning,Car,19,1.0,67
907,16.44,windy,high,afternoon,Car,8,0.0,80
836,8.67,rainy,high,afternoon,Bike,12,7.0,104
888,5.14,clear,medium,evening,Scooter,23,7.0,43
130,10.46,clear,medium,evening,Bike,25,3.0,68
638,5.23,clear,medium,morning,Scooter,23,2.0,47
403,10.35,clear,medium,night,Bike,7,9.0,48
785,4.04,rainy,high,evening,Bike,14,6.0,39
771,2.66,clear,low,afternoon,Bike,16,8.0,21
736,17.61,foggy,medium,afternoon,Bike,9,5.0,74
914,8.48,clear,high,night,Bike,11,5.0,39
220,17.06,clear,low,evening,Bike,9,9.0,66
642,6.78,foggy,low,night,Bike,18,6.0,42
916,9.0,snowy,medium,afternoon,Car,29,3.0,78
753,12.74,clear,low,afternoon,Scooter,12,0.0,63
807,18.72,rainy,medium,afternoon,Bike,17,0.0,89
920,3.23,clear,low,evening,Bike,7,7.0,14
625,12.56,clear,low,morning,Car,22,8.0,49
875,1.0,snowy,medium,morning,Bike,28,0.0,51
761,3.46,clear,low,morning,Bike,24,6.0,37
387,6.0,snowy,low,morning,Car,20,8.0,53
973,14.79,clear,medium,morning,Scooter,12,9.0,64
510,14.65,snowy,high,morning,Car,19,3.0,95
268,14.2,clear,medium,afternoon,Bike,17,1.0,73
820,7.04,clear,low,afternoon,Bike,11,8.0,38
442,19.74,clear,medium,afternoon,Car,16,1.0,98
497,11.88,rainy,medium,evening,Bike,20,8.0,69
113,18.63,clear,low,evening,Bike,26,8.0,75
692,8.8,rainy,medium,afternoon,Bike,6,2.0,38
233,11.75,clear,high,morning,Bike,9,2.0,55
870,18.95,snowy,low,morning,Car,27,0.0,92
608,7.6,foggy,low,morning,Bike,16,4.0,48
672,17.99,foggy,low,morning,Car,11,2.0,84
374,13.82,clear,medium,evening,Bike,21,9.0,72
982,15.53,foggy,low,evening,Bike,26,7.0,68
843,3.97,clear,high,afternoon,Bike,19,8.0,40
234,10.1,clear,high,morning,Car,17,6.0,55
786,18.21,foggy,low,morning,Bike,5,1.0,70
677,2.68,clear,low,morning,Bike,16,8.0,25
318,3.88,snowy,low,morning,Bike,9,6.0,33
649,15.89,snowy,medium,afternoon,Car,15,9.0,91
411,6.73,clear,medium,afternoon,Bike,21,1.0,54
899,0.75,clear,medium,afternoon,Bike,10,5.0,16
710,13.79,rainy,low,night,Scooter,11,0.0,69
359,18.83,clear,medium,evening,Scooter,5,8.0,69
259,11.62,clear,low,afternoon,Bike,9,8.0,33
745,5.03,clear,medium,morning,Bike,17,,38
628,15.08,rainy,medium,evening,Scooter,26,1.0,94
633,10.48,rainy,low,afternoon,Car,10,7.0,45
283,7.82,rainy,medium,evening,Bike,16,8.0,45
377,16.98,clear,low,evening,Bike,11,6.0,78
385,14.83,rainy,low,morning,Car,19,4.0,120
225,5.67,clear,low,morning,Scooter,11,9.0,27
954,18.33,snowy,medium,morning,Scooter,5,5.0,67
815,17.46,clear,medium,morning,Scooter,6,,62
473,1.34,foggy,high,evening,Bike,9,5.0,30
348,1.38,clear,low,morning,Scooter,13,9.0,17
506,3.67,clear,low,evening,Bike,9,0.0,26
640,7.86,windy,medium,morning,Car,22,2.0,55
988,8.98,clear,medium,afternoon,Scooter,22,8.0,105
929,12.85,rainy,medium,evening,Scooter,6,7.0,61
906,17.91,clear,low,afternoon,Bike,6,7.0,68
620,15.09,snowy,low,morning,Car,20,7.0,68
856,4.22,clear,medium,morning,Bike,16,7.0,35
804,12.33,clear,high,night,Bike,7,2.0,101
646,17.87,snowy,low,morning,Scooter,29,4.0,87
847,2.16,clear,medium,night,Car,10,1.0,23
557,3.11,rainy,medium,morning,Scooter,21,1.0,43
958,1.42,clear,high,afternoon,Scooter,24,2.0,40
578,18.57,rainy,medium,afternoon,Bike,16,7.0,89
796,17.51,clear,medium,evening,Bike,15,3.0,60
86,6.84,clear,medium,evening,Bike,25,1.0,51
243,18.34,snowy,medium,afternoon,Scooter,22,,91
699,3.51,windy,medium,night,Bike,22,2.0,44
160,14.7,clear,medium,morning,Scooter,6,2.0,58
525,16.85,clear,high,morning,Car,17,4.0,71
36,16.26,rainy,low,morning,Car,27,5.0,66
541,19.1,snowy,medium,morning,Bike,25,6.0,90
171,13.71,rainy,medium,evening,Bike,22,9.0,64
655,8.92,clear,medium,evening,Bike,10,1.0,51
891,14.58,clear,low,evening,Bike,23,0.0,70
858,9.71,clear,low,afternoon,Car,27,5.0,61
848,19.94,clear,low,afternoon,Bike,26,6.0,83
945,4.53,snowy,medium,morning,Scooter,18,4.0,49
734,10.7,clear,high,afternoon,Car,8,4.0,57
96,10.13,clear,medium,evening,Bike,22,0.0,65
564,0.78,clear,low,afternoon,Bike,11,0.0,18
241,18.84,foggy,medium,afternoon,Scooter,25,8.0,88
743,15.08,snowy,low,evening,Bike,29,7.0,84
575,17.32,clear,low,evening,Scooter,10,3.0,77
691,6.81,clear,medium,evening,Bike,23,2.0,47
461,2.79,clear,high,morning,Bike,23,7.0,38
554,11.44,foggy,high,afternoon,Car,14,4.0,74
889,2.44,snowy,high,evening,Bike,13,9.0,39
207,2.48,rainy,low,evening,Scooter,20,8.0,30
393,7.75,clear,medium,evening,Scooter,21,1.0,55
795,0.85,clear,medium,morning,Bike,9,8.0,17
398,8.87,clear,low,evening,Bike,19,3.0,55
767,15.37,snowy,medium,afternoon,Car,15,5.0,66
849,10.29,foggy,medium,evening,Scooter,25,4.0,67
218,15.06,rainy,low,morning,Bike,22,4.0,65
5,3.54,foggy,low,evening,Bike,23,7.0,37
769,7.17,clear,medium,morning,Scooter,7,9.0,29
643,4.62,rainy,medium,afternoon,Car,8,3.0,33
930,5.53,clear,low,morning,Car,10,8.0,27
613,12.74,rainy,low,afternoon,Bike,17,9.0,63
739,9.06,clear,high,evening,Bike,26,3.0,61
547,2.71,foggy,low,morning,Bike,6,0.0,28
726,16.92,clear,low,night,Bike,23,5.0,78
684,13.54,foggy,low,morning,Bike,11,1.0,54
99,1.0,snowy,medium,morning,Bike,25,4.0,44
805,8.77,clear,medium,morning,Car,12,2.0,42
728,16.01,windy,low,morning,Car,28,0.0,84
574,12.63,foggy,medium,night,Scooter,8,8.0,49
407,8.09,foggy,low,evening,Car,22,2.0,56
503,6.54,clear,medium,night,Bike,10,7.0,39
48,10.64,clear,medium,afternoon,Scooter,14,5.0,45
33,1.77,clear,medium,evening,Bike,14,9.0,22
780,13.0,foggy,low,evening,Bike,25,7.0,77
840,12.83,clear,low,evening,Bike,5,8.0,50
201,13.02,snowy,high,afternoon,Car,6,9.0,65
135,18.89,rainy,medium,morning,Scooter,22,1.0,74
28,10.53,foggy,high,evening,Bike,25,8.0,72
881,5.01,rainy,low,afternoon,Bike,10,5.0,31
231,16.0,foggy,medium,afternoon,Scooter,13,3.0,65
490,17.86,clear,low,afternoon,Scooter,16,8.0,83
773,2.99,foggy,high,afternoon,Bike,9,5.0,90
379,16.38,clear,medium,morning,Bike,6,2.0,51
289,6.09,clear,medium,night,Bike,7,4.0,27
419,13.61,clear,low,morning,Bike,26,0.0,66
675,8.5,snowy,high,evening,Bike,14,7.0,56
392,8.55,clear,low,evening,Scooter,28,8.0,46
593,4.05,clear,medium,afternoon,Scooter,21,5.0,39
499,19.5,clear,high,morning,Bike,18,2.0,73
139,7.59,clear,medium,afternoon,Scooter,16,3.0,37
63,16.66,snowy,high,afternoon,Scooter,29,7.0,95
472,19.41,snowy,high,evening,Car,21,3.0,100
648,13.74,foggy,medium,afternoon,Bike,6,1.0,56
129,0.64,clear,high,night,Bike,10,3.0,24
977,12.1,clear,high,afternoon,Bike,11,0.0,53
521,12.09,clear,medium,morning,Car,13,1.0,60
839,11.82,windy,medium,night,Bike,24,7.0,77
963,5.28,foggy,low,morning,Bike,27,6.0,53
65,5.98,clear,low,evening,Car,22,9.0,35
813,2.93,clear,medium,morning,Bike,24,8.0,94
15,4.05,snowy,medium,evening,Scooter,19,2.0,50
157,13.61,clear,low,evening,Scooter,12,2.0,43
41,2.88,rainy,medium,morning,Car,16,4.0,41
493,5.91,clear,medium,evening,Scooter,29,4.0,57
380,6.0,rainy,medium,evening,Scooter,21,2.0,47
188,11.33,clear,medium,afternoon,Scooter,29,7.0,77
764,15.01,clear,medium,morning,Bike,15,6.0,64
217,6.85,clear,high,morning,Bike,16,5.0,48
792,11.93,snowy,high,morning,Car,7,1.0,75
53,18.82,windy,low,morning,Car,5,3.0,77
879,1.03,clear,medium,afternoon,Bike,19,4.0,29
338,14.22,rainy,medium,evening,Car,25,8.0,84
749,18.18,snowy,high,evening,Bike,17,3.0,85
720,14.75,clear,low,morning,Car,10,7.0,62
725,11.7,rainy,low,afternoon,Bike,17,5.0,60
296,10.68,clear,low,morning,Bike,14,1.0,42
702,1.51,clear,high,evening,Bike,26,1.0,44
252,8.01,clear,high,morning,Bike,8,6.0,48
727,3.23,rainy,low,morning,Car,25,7.0,42
462,13.16,rainy,high,morning,Scooter,25,8.0,68
456,10.11,windy,low,morning,Bike,11,4.0,44
997,18.39,windy,low,afternoon,Bike,24,6.0,74
816,10.62,windy,medium,afternoon,Car,22,5.0,54
863,10.73,clear,medium,afternoon,Bike,7,5.0,57
270,6.23,clear,medium,evening,Car,20,1.0,51
202,2.14,clear,low,afternoon,Bike,25,1.0,36
162,12.83,clear,medium,morning,Bike,19,2.0,76
556,8.37,clear,high,evening,Scooter,13,7.0,42
730,3.69,rainy,medium,afternoon,Bike,8,8.0,27
402,18.1,clear,low,morning,Scooter,8,5.0,77
703,7.06,clear,low,afternoon,Scooter,26,5.0,51
477,1.94,foggy,low,night,Bike,10,1.0,25
822,0.59,clear,low,afternoon,Bike,21,0.0,27
772,17.01,snowy,low,night,Bike,28,6.0,97
106,5.36,clear,low,afternoon,Scooter,11,4.0,30
566,12.0,clear,low,evening,Car,25,0.0,75
390,16.23,clear,medium,evening,Bike,6,0.0,54
2,19.04,rainy,low,evening,Car,12,6.0,60
938,18.33,foggy,medium,morning,Scooter,19,0.0,98
983,2.58,clear,medium,morning,Scooter,25,7.0,37
562,4.65,clear,medium,evening,Bike,21,1.0,46
81,17.33,snowy,low,evening,Scooter,12,3.0,79
206,0.68,snowy,high,evening,Bike,29,8.0,50
35,19.33,clear,medium,morning,Bike,7,8.0,73
776,3.42,clear,medium,night,Car,11,9.0,24
509,19.02,rainy,high,evening,Scooter,22,1.0,106
428,17.81,windy,high,evening,Bike,21,4.0,120
455,2.67,clear,medium,night,Car,17,6.0,28
367,19.24,snowy,low,evening,Bike,26,1.0,114
92,14.41,rainy,medium,night,Bike,16,6.0,85
340,2.41,clear,medium,evening,Bike,15,9.0,25
898,17.98,clear,low,evening,Bike,5,8.0,45
565,7.34,foggy,medium,afternoon,Bike,22,5.0,93
346,12.51,clear,medium,evening,Bike,18,5.0,62
777,4.97,rainy,low,evening,Bike,17,9.0,34
242,19.1,snowy,low,afternoon,Bike,18,1.0,101
14,4.64,clear,low,afternoon,Bike,15,9.0,24
316,14.07,rainy,low,evening,Bike,10,5.0,63
601,3.79,clear,medium,morning,Bike,13,2.0,34
388,3.96,clear,medium,afternoon,Bike,23,,44
274,18.31,clear,medium,afternoon,Bike,25,3.0,79
167,6.76,foggy,medium,night,Bike,7,6.0,42
841,0.76,clear,low,afternoon,Car,26,9.0,28
993,5.81,rainy,medium,evening,Bike,14,8.0,41
647,12.08,clear,high,afternoon,Scooter,16,4.0,60
819,1.57,rainy,low,evening,Car,16,1.0,30
485,11.89,clear,medium,afternoon,Bike,28,0.0,79
981,7.02,clear,medium,evening,Car,23,2.0,53
505,13.85,clear,low,evening,Bike,29,5.0,71
832,9.32,rainy,medium,evening,Scooter,24,2.0,71
244,7.72,foggy,high,evening,Bike,19,4.0,64
567,8.15,rainy,low,afternoon,Bike,26,2.0,50
876,3.54,rainy,medium,afternoon,Scooter,17,4.0,41
563,3.16,snowy,low,morning,Car,9,,27
687,11.65,windy,low,night,Bike,10,3.0,53
190,5.22,snowy,medium,evening,Scooter,14,3.0,43
783,5.41,clear,high,morning,Scooter,17,6.0,38
700,9.88,rainy,medium,morning,Car,7,0.0,43
476,19.86,rainy,high,evening,Bike,12,8.0,71
682,5.53,windy,high,morning,Bike,23,4.0,59
511,12.46,foggy,low,afternoon,Bike,10,1.0,62
59,1.38,clear,medium,morning,Car,6,3.0,17
475,10.79,clear,medium,evening,Scooter,24,1.0,65
561,14.23,clear,medium,afternoon,Scooter,23,7.0,70
857,1.21,snowy,low,afternoon,Bike,22,1.0,39
748,11.1,clear,low,afternoon,Bike,18,7.0,56
253,17.1,clear,medium,evening,Bike,25,5.0,65
22,3.22,clear,medium,afternoon,Bike,19,9.0,32
314,19.27,foggy,medium,morning,Car,29,9.0,85
460,2.82,rainy,medium,evening,Scooter,10,1.0,29
161,7.67,foggy,medium,afternoon,Scooter,22,8.0,59
277,16.07,clear,medium,evening,Bike,16,5.0,64
956,7.97,windy,medium,evening,Scooter,9,8.0,35
192,18.0,rainy,high,night,Car,22,,98
386,16.17,clear,medium,evening,Scooter,12,2.0,78
806,14.86,clear,high,night,Scooter,15,4.0,91
414,11.68,clear,medium,afternoon,Scooter,25,7.0,70
492,12.59,clear,low,evening,Scooter,10,2.0,39
344,8.96,snowy,medium,morning,Car,6,5.0,51
770,16.51,clear,medium,morning,Bike,7,1.0,79
309,16.01,clear,low,afternoon,Car,12,4.0,72
662,19.74,rainy,high,afternoon,Scooter,11,7.0,81
131,8.64,snowy,low,evening,Bike,29,4.0,62
664,5.13,clear,medium,morning,Car,16,1.0,38
872,5.78,clear,high,morning,Bike,11,5.0,38
100,2.6,clear,low,afternoon,Bike,16,1.0,29
373,2.34,foggy,medium,morning,Bike,8,2.0,28
88,12.93,clear,medium,morning,Scooter,20,8.0,58
459,1.6,clear,medium,evening,Bike,14,8.0,24
331,7.44,rainy,low,evening,Bike,27,,53
215,14.39,rainy,medium,morning,Scooter,6,,50
467,6.07,clear,low,afternoon,Bike,18,4.0,35
122,17.97,windy,medium,morning,Scooter,28,7.0,92
615,17.53,clear,low,afternoon,Bike,14,6.0,79
21,12.43,rainy,high,morning,Bike,13,6.0,70
701,10.89,windy,medium,evening,Bike,7,0.0,58
72,4.37,clear,medium,evening,Scooter,6,7.0,25
107,8.5,clear,high,evening,Car,13,3.0,54
271,16.28,rainy,low,morning,Scooter,8,9.0,71
861,15.62,snowy,high,evening,Scooter,26,2.0,81
436,14.17,clear,low,afternoon,Bike,8,0.0,55
103,6.63,foggy,low,night,Scooter,24,3.0,58
